,Заглавие:,Автор: ,Категория:,Номер: ,Издадена:,Език:
1,Кратные интегралы и ряды,Б.М. Будак,"ДИС",,1967,ру
2,Дифференциальное и интегральное исчисления,Я.С.Бугров,"ДИС",,1980,ру
3,Курс дифференциального и интеграьного исчисления,Фихтенгоольд,"ДИС",,1962,ру
4,Дифференциальное и интегральное исчисления,Я.С.Бугров,ДИС,,1980,ру
5,Дифференциальное и интегральное исчисления в примерах и задачах,И.А.Марон,"ДИС",,1973,ру
6,Ръководство по математически анализ,Е.Любенова,"ДИС",,1998,бг
7,Елементы математического анализа,С.М.Никольский,"ДИС",,1981,ру
8,Ряды,А.И.Маркушевич,"ДИС",,1979,ру
9,Дифференциальное и интегральное исчисления,Я.С.Бугров,"ДИС",,1980,ру
,,,,,,
10,Анализ 2,Лоран Шварц,анализ,,1984,ру
11,Анализ 1,Лоран Шварц,анализ,,1972,ру
12,Математический анализ,В.Б.Уваров,анализ,,1984,ру
13,Курс математического анализа 2,М.К.Гребенча,анализ,,1961,ру
14,Елементы математического анализа 2,Г.П.Толстов,анализ,,1974,ру
15,Курс математического анализа 1,М.К.Гребенча,анализ,,1960,ру
16,Елементы математического анализа 1,Г.П.Толстов,анализ,,1974,ру
17,Руководство к решениею задач по математическому анализу,Г.И.Запорожец,анализ,,1966,ру
18,Математический анализ 1,Р.В.Гамкрелидзе,анализ,,1979,ру
19,Основы математического,У. Рудин,анализ,,1976,ру
20,Интерполяцив линейных оператов,"С.Г.Крейн, Ю.И.Петунин, Е.М.Семенов",МА,,1978,ру
21,Теоремы Замкнутости и теоремы композиции,С.Мандельбройт,МА,,1962,ру
22,Введение в спектральную теорию,"Б.М.Левитан, И.С.Саргсян",ЛАМА,,1970,ру
23,Спектральная теория линейных операторов,А.И.Плеснер,ЛАМА,,1965,ру
24,Интерполация и апроксимация рациональными функциями в комплексной области,Дж.Л.Уолш,МА,,1961,ру
25,Вариации множеств и функций,Л.Д.Иванов,МА,,1975,ру
26,Лекции о теоремах шоке,Р.Фелпс,МА,,1968,ру
,,,,,,
27,Комплексен анализ ръководство,Ваня Хаджийски,"КА",,2004,бг
28,Введение в комплексный анализ,Б.В.Шабат,КА,,1969,ру
29,Сборник от задачи по теория на аналитичните функции,Т. Аргирова,КА,,1992,бг
30,Теория на аналитичните функции,Т. Аргирова,КА,,2003,бг
31,Функции многих комплекцных переменных,М.Ерве,КА,,1965,ру
32,Обобщенные аналитические функции,И.Н. Векуа,КА,,1959,ру
33,Аналитические функции многих комплексных переменных,Р. Ганнинг,КА,,1969,ру
34,Теория функции комплексной переменной,А.Г.Свешников,КА,,1970,ру
35,Теория и применение p-аналитических функций,Г.Н.Положий,КА,,1973,ру
36,Особые точки комплексных гиперповверхностей,Дж. Милнор,КА,,1971,ру
37,Методичско ръководто по теория на аналитичните функции,П.Шопов,КА,,1978,ру
,,,,,,
38,Специальные въпросы функционального анализа и их применения к теореми дифференциалных уравнений и теории функций,М.С.Алмамедов,ФА,,1968,
39,Гармонический анализ операторов в гильбертовом пространстве,Б.Секефальви - Надь,ФА,,1970,
40,Функциональный анализ,Р.Едвардс,ФА,,1969,
41,Теория функций,А.Гурвиц,ФА,,1968,
42,Функциональный анализ и интегральные уравнения,А.Б. Антоневич,ФА,,1984,
43,Введение в функционльный анализ,Б.З.Вулих,ФА,,1967,
44,Функционалиный анализ,Л.В.Канторович,ФА,,1977,
45,Теория функций,Е.Титчмарш,ФА,,1980,
46,Теория функций в единичном шаре из C^n,У. Рудин,ФА,,1984,
47,Основы теории специальных функций,А.Ф.Никифоров,ФА,,1974,
48,Краткий курс теории функций вещественной переменной,Б.З.Вулих,ФА,,1973,
,,,,,,
49,Введение в теорию моделей и метаматематику,А.Робинсон,ВА,,1967,
50,Введение в алгебраичесую теорию инвариантов дифференциальных уравнений,К.С.Сибирский,ВА,,1982,
51,Свободные кольца и их связи,П.Кон,ВА,,1975,
52,Высшая математика в упражнениях и задачах,П.Е.Данко,ВА,,1980,
53,Практические занятия по высшей математике,Н.В.Богомолов,ВА,,1967,
54,Практические занятия по высшей математике,Н.В.Богомолов,ВА,,1967,
55,Висша алгебра,Н.Обрешков,ВА,,1962,
56,Сборник задач по высшей алгебре,Д.К.Фаддеев,ВА,,1977,
57,Висшая алгебра,Л.Я.Окунев,ВА,,1966,
,,,,,,
58,Линейна алгебра и аналитична геометрия,М.Гавраилов,"ЛААГ",,1998,
59,Линейная алгебра и многомерная геометрия,Н.В.Ефимов,"ЛААГ",,1974,
60,Основы линейной алгебры и аналитическая геометрия,Е.И.Гурский,"ЛААГ",,1968,
61,Аналитична геометрия и алгебра,Емил Артин,"ЛААГ",,1985,
62,Основы линейной алгебры и аналитической геометрии,Д.А.Добротин,"ЛААГ",,1977,
63,Линейная алгебра и елементарная геометрия,Ж.Дьедонне,"ЛААГ",,1972,
64,Сборник по ЛААГ,Б.Александров,"ЛААГ",,2002,
65,Аналитеская теория еллиптических уравнений,А.И.Янушаускас,"ЛААГ",,1979,
66,Алгебраическая геометрия,Р.Хартсхорн,"ЛААГ",,1981,
67,Упорядоченные векторные пространства,Г.П.Акилов,"ЛААГ",,1978,
68,Курс аналитической геометрии и линейной алгебры,Д.В.Беклемишев,ЛААГ,,1984,
69,Курс линейной алгебры и аналитической геометрии,А.Н.Рублев,ЛААГ,,1972,
70,Курс аналитической геометрии и линейной алгебры,Д.В.Беклемишев,ЛААГ,,1971,
,,,,,,
71,Многообразия с замкнутыми геодезическими,А.Бессе,ДГ,,1981,
72,Целочисленные потоки и минимальные поверхности,Ю.С.Иляшко,ДГ,,1973,
73,Гладкие многообразия и их применения в теории гомотопий,Л.С.Понтрягин,ДГ,,1976,
74,Введение в теорию келеровых многообразий,Андре Вейлъ,ДГ,,1961,
75,Структуры на мноообразиях и однородные пространства,Б.П. Комраков,ДГ,,1978,
76,Диференциална геометрия,Ив.Каропраклиева,ДГ,,1994,
77,"Введение дифференциальную геометрию ""в целом""",И.Я.Бакельман,ДГ,,1973,
78,Диференциална геометрия,Ив.Каропраклиева,ДГ,,1994,
79,"Введение в дифференциальную геометрию ""в целом""",И.Я.Бакельман,ДГ,,1973,
80,Группы Ли и дефференциальная геометрия,К.Номидзу,ДГ,,1960,
81,Дифференциальная геометрия финслероых пространств,Х.Рунд,ДГ,,1981,
82,Дифференциальная геометрия финслероых пространств,Х.Рунд,ДГ,,1981,
83,Римановы поверхности,О.Форстер,ДГ,,1980,
,,,,,,
84,В света на числата,Ив.Байчев,научно-популярна литература,,1963,
85,Краткий справочник по начертательхой геометрии и машиностроительному черчению,Н.П.Сберегаев,научно-популярна литература,,1961,
86,Висша математика за фармацевти,Др.Байнов,научно-популярна литература,,1979,
87,Математически софизми,Иб. Чобанов,научно-популярна литература,,1961,
88,Очерки по истории математики,Б.В.Болеарский,научно-популярна литература,,1979,
89,Очерки по истории математики,Б.В.Болеарский,научно-популярна литература,,1979,
90,Неточности в точните науки,Св. Соколов,научно-популярна литература,,2006,
91,Неточности в точните науки,Св. Соколов,научно-популярна литература,,2006,
92,Человек и информация,К. Черри,Документални филми,,1972,
93,Начални познания по кибернетика,Тодор Боянов,Документални филми,,1978,
94,Может ли машина мислит,А. Тюринг,Документални филми,,1960,
95,Нерешеные математические задачи,С. Улам,Документални филми,,1964,
96,Теория решения задач,Р. Бенерджи,Документални филми,,1972,
97,Третья проблема Гилберта,В.Г. Болтянский,Документални филми,,1977,
,,,,,,
98,Справочник по математике,И.Н. Бронштейн,Справочник,,1986,
99,Математика в СССР за тридцать лет 1917-1947,А.Г.Купоша,Справочник,,1948,
100,Kleine enzyklopaedie Mathematik,W.Gellert,Справочник,,1965,
101,Математика в СССР за сораклет 1917-1957,А.Г.Куроша,Справочник,,1959,
102,Математика в СССР за тридцать лет 1917-1947,А.Г.Купоша,Справочник,,1959,
103,Математика в СССР за тридцать лет 1917-1947,А.Г.Купоша,Справочник,,1959,
104,Математика в СССР за сораклет 1917-1957,А.Г.Купоша,Справочник,,1959,
105,Графики функций,Н.А. Вирченко,Справочник,,1979,
,,,,,,
106,Сборник задач по аналитической геометрии,"П.С. Моденов, А.С. Парахменко",АГ,,1976,
107,Линии и поверхносести в аффинном трехмерном пространстве,Л.К. Тутаев,АГ,,1962,
108,Аналитична геометрия,Грозьо Станилов,АГ,,2000,
109,Внутренняя геометрия выпуклых поверхностей,А.Д. Александров,АГ,,1948,
110,Аффиннная Геометрия,А.М. Комиссарук,АГ,,1977,
111,Сборник задач по аналитической геометрии,"П.С. Моденов, А.С. Парахменко",АГ,,1976,
112,Аналитична геометрия,Боян Петканчим,АГ,,1960,
113,Сборник задач по аналитической геометрии,"С.В. Бахвалов, П.С. Моденов, А.С. Пархоменко",АГ,,1964,
,,,,,,
114,Группы матриц,Д.А. Супрененко,Групи,,1972,
115,Расширения минимальных групп преобразований,И.У. Бронштейн,Групи,,1975,
116,Теория Галуа р - расширений,Х. Кох,Групи,,1973,
117,Рациональные группы,Ю. И. Мерзляков,Групи,,1980,
118,Ввдение в теорию групп,П.С. Александров,Групи,,1980,
119,Алгебраическая теория плугрупп том1,"А. Клиффорд, Г. Престон",Групи,,1972,
120,Алгебраическая теория плугрупп том2,"А. Клиффорд, Г. Престон",Групи,,1972,
121,Лекции о группах Шевалле,Р. Стейнберг,Групи,,1967,
122,Многообразия групп,Х. Нейман,Групи,,1969,
123,Линейно упорядоченные группы,"А.И. Кокорин, В.М. Копытов",Групи,,1972,
124,Группы с заданными свойствами системы подгрупп,С.Н. Черников,Групи,,1980,
125,Арифметические группы и автоморные функции,"А. Сельберг, Р. Годеман",Групи,,1969,
126,Основы теории групп,"М.И. Каргаполов, Ю.И. Мерзляков",Групи,,1972,
127,Полугруппы,Е.С. Ляпин,Групи,,1960,
128,Компактные группы Ли и их представления,Д.П.Желобенко,Групи,,1970,
,,,,,,
129,Операторы Штурма - Лиувилля и их приложения,В.А. Марченко,ОДУ,,1977,
130,Елементы теории представлений,А.А. Кириллов,ОДУ,,1972,
131,Разложения по собственным функциям связанные с дифференциальными уравнениями второго порядка том2,Е.Ч. Титчмарш,ОДУ,,1961,
132,Сборник задач по обыкновенным дифференциальным уравнениям,"М.Л. Краснов, А.И. Киселев, Г.И. Макаренко",ОДУ,,1978,
133,Линейные дифференциальные уравнения и функциональные пространства,"Х. Массера, Х. Шеффер",ОДУ,,1970,
134,Обыкновенные дифференциальные уравнения,Ф. Хартман,ОДУ,,1970,
135,Линейные дифференциальные уравнения главного типа,Ю.В. Егоров,ОДУ,,1984,
136,Методическо ръководство по обикновени диференциални уравнения,"Друми Байнов, Петър Шопов, Снежана Христова",ОДУ,,1980,
137,Методическо ръководство по обикновени диференциални уравнения,"Петър Шопов, Друми Байнов, Снежана Христова",ОДУ,,1978,
138,Методы интегрирования обыкновенных дифференциальных уравнений,Н.М. Матвеев,ОДУ,,1963,
139,Введение в теорию систем,"С.Директор, Р.Рорер",ОДУ,,1974,
140,Цепи с переменными параметрами,Ф.П.Жарков,ОДУ,,1976,
141,Интегральные множества периодических систем дифференциальных уравнений,В.А.Плисс,ОДУ,,1977,
142,Системы с переменным запаздыванием,"А.В.Солодов, Е.А.Солодова",ОДУ,,1980,
143,Линейные системы с переменными параметрами,Г.Д'Анжело,ОДУ,,1974,
144,Устойчивость управляемость наблюдаемость,А.А.Воронов,ОДУ,,1979,
145,Некоторые сингулярные краевые задачи для обыкновенных дифференциальных уравнений,И.Т. Кигуразде,ОДУ,,1975,
,,,,,,
146,Многомерные сингулярные интегралы и интегральные уравнения,С.Г. Михалин,ДУ,,1962,
147,Дифференциальньное преобразования функций и уравнений,Г.Е.Пухов,ДУ,,1980,
148,Кравые задачи и сингулярные интегральные уравнения со сдвигом,Г.С.Литвинчук,ДУ,,1977,
149,"Разложения по собственнь, функциям связанные с дифференциальными уравнениями второго порядка том1",Е.Ч.Титчматш,ДУ,,1960,
150,Внешние дифференциальные системы и их геометрические приложения,Е. Картан,ДУ,,1962,
151,Асимптотические свойства аналитических решений дифференциальных уравнений,Ш.И. Стрелиц,ДУ,,1972,
152,Еллиптические функции,С. Ленг,ДУ,,1984,
153,Разностные методы для еллипточеских уравнений,"А.А. Самарский, В.Б. Андреев",ДУ,,1976,
154,Метод функций Ляпунова и его приложения,?,ДУ,,1984,
155,Почи - периодические функции и дифференциальные уравнения,"Б.М. Левитан, В.В. Жиков",ДУ,,1978,
156,Геометрические асимптотики,"В. Гийемин, С. Стернберг",ДУ,,1981,
157,Особеныее точки дифференциальные уравнений,А.Ф. Андреев,ДУ,,1979,
158,Бесконечные системы дифференциальных уравнений,"К.Г. Валеев, О.А. Жаутыков",ДУ,,1974,
159,Геометрическая теория дифференциальных уравнений,С. Лефшец,ДУ,,1961,
160,Книга для чтения по общему курсу дифференциальных уравнений,Н.П. Еругин,ДУ,,1972,
161,Дифференциальные уравнения и вариационное исчисления,Л.Е. Ельсгоьц,ДУ,,1969,
162,Дифференциальные уравнения,Ф. Трикоми,ДУ,,1962,
163,Уравнения в свертках и проекционные методые их решения,"И.Ц. Гохберг, И.А. Фельдман",ДУ,,1971,
164,Теория вольтерровых операторов в гилбертьвом пространстве и ее приложения,"И.Ц. Гохберг, М.Г. Крейн",ДУ,,1967,
165,Бифуркация рожденния цикла и ее приложения,"Дж. Мардсен, М. Мак-Кракен",ДУ,,1980,
166,Интегральные преобразования обобщеных функций,А.Г. Семанян,ДУ,,1974,
167,Теоремы существования в теории упругости,Г. Фикера,ДУ,,1974,
168,Обобщенные функции в математичесой физики,В.С. Владимиров,ДУ,,1976,
169,Устойчивость и стабилизация дискретных процесов,В.Д. Фурасов,ДУ,,1982,
170,Теория ветвления решений нелинейных уравнений,М.М. Вайнберг,ДУ,,1969,
171,Линейные однородные разностые уравнения,А.А. Миролюбов,ДУ,,1981,
,,,,,,
172,Метод Перевала,М.В.Федорюк,Частни диференциални уравнения,,1977,ру
173,Уравнения Типа Свертки,"Ф.Д.Гахов, Ю.И.Черский",Частни диференциални уравнения,,1978,ру
174,Задача Коши для гиперболических уравнений,Л.Гординг,Частни диференциални уравнения,,1961,ру
175,Некоторы задачи теории упругости и теплопроводности решаемые в бесселевых функциях,Б.Г.Коренев,Частни диференциални уравнения,,1960,ру
176,Метод Собственных векторных функций в пространственных задачах теории упругости,А.Ф.Улитко,Частни диференциални уравнения,,1979,ру
177,Вырождающиеся гиперболические уравнения,М.М.Смирнов,Частни диференциални уравнения,,1977,ру
178,Задача Коши для линейных уравнений с частными производными гиперболического типа,Ж.Адамар,Частни диференциални уравнения,,1978,ру
179,Ръководство по частни диференциални уравнения,"Петър Попиванов, Недю Попиванов, Йордан Йорданов",Частни диференциални уравнения,,1997,бг
180,Частни диференциални уравнения,Тодор Генчев,Частни диференциални уравнения,,2004,бг
181,Введение в современную теорию дифференциальных уравнений в частных производных,Я.Б.Лопатинский,Частни диференциални уравнения,,1980,ру
182,Интегральные представления функций и теоремы вложения,"О.В.Бесов, В.П.Ильин, С.М.Никольский",Частни диференциални уравнения,,1975,ру
183,Оценки решений еллиптических уравнений вблизи границы,"С.Агмон,А.Дуглис,Л.Ниренберг",Частни диференциални уравнения,,1962,ру
184,Теория гиперфункций,П.Шапира,Частни диференциални уравнения,,1972,
185,Линейны автоматические системи с перемеными параметрами,"А. В. Солодоров, Ф.С. Петров",Частни диференциални уравнения,,1971,
186,Введение в общую теорию сингулярнах возмущений,С. А. Ломов,Частни диференциални уравнения,,1982,
187,Нееднородные граничные задачи и их приложения,Ж. Л. Лионс,Частни диференциални уравнения,,1971,
188,Нееднородные граничные задачи и их приложения,Ж. Л. Лионс,Частни диференциални уравнения,,1971,
189,Основные диффернциальные уравнения матечатической физики,"Н.С. Кошляков, Е. Б. Глинер",Частни диференциални уравнения,,1962,
190,Устойчивостъ нелинейных систем с неединственым состоянием равновесия,А. Х. Гелиг,Частни диференциални уравнения,,1978,
,,,,,,
191,Числа Фибоначчи,Н.Н.Воробьев,Теория на числата,,1978,ру
192,Введение в аналитическую теорию чисел,А.Г. Постников,Теория на числата,,1971,ру
193,Теория Чисел,"З.И.Боревич, И.Р.Шафаревич",Теория на числата,,1972,ру
194,Теория Нумераций,Ю.Л.Ершов,Теория на числата,,1977,ру
195,Алгебрическая теория чисел,"Дж. Касселса, А. Фрейлиха",Теория на числата,,1969,ру
196,Увод в теория на числата,Т. Нагел,Теория на числата,,1971,бг
197,Элементарные методы в аналитической теории чисел,"А.О.Гельфонд, Ю.В.Линик",Теория на числата,,1962,ру
198,Основы теории чисел,И.М.Виноградов,Теория на числата,,1972,ру
199,Теория чисел,А.А.Бухштаб,Теория на числата,,1960,ру
,,,,,,
200,Задачник по алгебре,В.А.Кречмар,Алгебра,,1959,ру
201,Сборник задач по линейной алгебре,,Алгебра,,1980,ру
202,Линейная Алгебра,В.В.Воеводин,Алгебра,,1974,ру
203,Лекции по общей алгебре,А.Г.Курош,Алгебра,,1973,ру
204,Разположение по собственным функциям самосопряженных оператов,Ю.М.Березанский,Алгебра,,1965,ру
205,Задачи на собственные,Л.Коллатц,Алгебра,,1968,ру
206,Линейная Алгебра,Дж.Хедли,Алгебра,,1966,ру
207,Линейная Алгебра,В.В.Воеводин,Алгебра,,1980,ру
208,Обзор по теории матриц и матричных неравенств,,Алгебра,,1972,ру
209,Распределение собственных значений,"А.Г.Костюченко, И.С.Саргсян",Алгебра,,1979,ру
210,Основы линейной алгебры,А.И.Мальцев,Алгебра,,1975,ру
211,Коммутативные нормированные кольца,"М.М.Гельфанд, Д.А. Райков, Г.Е.Шилов",Алгебра,,1960,ру
212,Очерки по конструктивной математике,П.Мартин-Леф,Алгебра,,1975,ру
213,Абелевы l-адические представления и еллиптические кривые,Ж.П.Сеер,Алгебра,,1973,ру
214,Некоммутативные кольца,И.Херстейн,Алгебра,,1972,ру
215,Сборник задач по линейной алгебре,И.В.Проскуряков,Алгебра,,1962,ру
,,,,,,
216,Сборник задач по математике для втузов / ла + ма,"А.В. Ефимова, Б.П.Демидовича",ЛА МА,,1981,ру
217,Числовые системы,С.Феферман,ЛА МА,,1971,ру
218,Лекции по алгебре и елементарным функциям,"М.К.Потапов, В.В.Александров, П.И.Пасиченко",ЛА МА,,1978,ру
219,Сборник задач по алгебре и елементарным функциям,"А.И.Худобин, Н.И.Худобин, М.Ф.Шуршалов",ЛА МА,,1966,ру
220,Алгебра и начала анализа,В.С.Крамор,ЛА МА,,1981,ру
221,Алгебра и начала анализа,А.Г.Мордкович,ЛА МА,,1979,ру
,,,,,,
222,Практические занятия по математике,Н.В.Богомолов,Обща математика,,1983,ру
223,Сборник задач по математике для втузов / математиского анализа,"А.В. Ефимова, Б.П.Демидовича",Обща математика,,1981,ру
224,Ръководство за решаване на задачи по висша математика за ВИЗВМ - Ст. Загора,"Г.Бойчев, Н.Воева",Обща математика,,1989,бг
225,Современная математика,"Р.Фор, А.Кофман, М.Дени-Папен",Обща математика,,1966,ру
226,Методическо ръководство за решаване на задачи по висша математика,"Д.Байнов, Вл.Велчев, И.Христова",Обща математика,,1978,бг
227,Курс высшей математике (1ва част),"С.В.Фрослов, Р.Я.Шостак",Обща математика,,1973,ру
228,Курс высшей математике (2ра част),"С.В.Фрослов, Р.Я.Шостак",Обща математика,,1973,ру
229,Сборник задач по высшей математике,В.П.Минорский,Обща математика,,1961,ру
230,Пособие к решению задач по высшей математике,А.А.Гусак,Обща математика,,1973,ру
231,Высшая математика,"Я.С.Бургов, С.М.Никольский",Обща математика,,1981,ру
232,Высшая математика в упражнениях и задачах,"П.Е.Данко, А.Г.Попов, Т.Я.Кожевникова",Обща математика,,1980,ру
233,Сборник задач и упражнений по высшей математике,А.А.Гусак,Обща математика,,1980,ру
234,Высшая математика в упражнениях и задачах ( 3та част ),"П.Е.Данко, А.Г.Попов, Т.Я.Кожевникова",Обща математика,,1971,ру
235,Висша математика,"Венера Димова-Нанчева, Николай Стоянов",Обща математика,,,бг
236,Методическо ръководство за решаване на задачи по висша математика (1ва част ),"Пламен Паскалев, Капка Димитрова, Цанко Дончев",Обща математика,,2006,бг
237,Методическо ръководство за решаване на задачи по висша математика (3та част ),"Пламен Паскалев, Капка Димитрова",Обща математика,,2006,бг
,,,,,,
238,Метод Перевала,М.В.Федорюк,Частни диференциални уравнения,,1977,ру
239,Уравнения Типа Свертки,"Ф.Д.Гахов, Ю.И.Черский",Частни диференциални уравнения,,1978,ру
240,Задача Коши для гиперболических уравнений,Л.Гординг,Частни диференциални уравнения,,1961,ру
241,Некоторы задачи теории упругости и теплопроводности решаемые в бесселевых функциях,Б.Г.Коренев,Частни диференциални уравнения,,1960,ру
242,Метод Собственных векторных функций в пространственных задачах теории упругости,А.Ф.Улитко,Частни диференциални уравнения,,1979,ру
243,Вырождающиеся гиперболические уравнения,М.М.Смирнов,Частни диференциални уравнения,,1977,ру
244,Задача Коши для линейных уравнений с частными производными гиперболического типа,Ж.Адамар,Частни диференциални уравнения,,1978,ру
245,Ръководство по частни диференциални уравнения,"Петър Попиванов, Недю Попиванов, Йордан Йорданов",Частни диференциални уравнения,,1997,бг
246,Частни диференциални уравнения,Тодор Генчев,Частни диференциални уравнения,,2004,бг
247,Введение в современную теорию дифференциальных уравнений в частных производных,Я.Б.Лопатинский,Частни диференциални уравнения,,1980,ру
,,,,,,
248,Пространства постоянной кривизны,Дж.Вольф,Геометрия,,1982,ру
249,Точечно-векрорная геометрия и ее приложения в теории вероятностей,"Ф.В.Томашевич, Л.И.Томашевич",Геометрия,,1979,ру
250,Проективная Геометрия,Н.Ф.Четверухин,Геометрия,,1953,ру
251,Теория измерений,И.Пфанцагль,Геометрия,,1976,ру
252,Геометрия ( 2ра част ),"Л.С.Атанасян, Г.Б.Гуревич",Геометрия,,1976,ру
253,Геометрия ( 1ва част ),Л.С.Атанасян,Геометрия,,1973,ру
254,Сборник задач по геометрии (1ва част),"Л.С.Атанасян, В.А.Атанасян",Геометрия,,1973,ру
255,Введение в конечные геометрии,Ф.Картеси,Геометрия,,1980,ру
256,Основания геометрии,А.В.Погорелов,Геометрия,,1979,ру
257,Геометрические неравенства,"Д.М.Бураго, В.А.Залгаллер",Геометрия,,1980,ру
258,Комбинаторная геометрия различных классов выпуклых множеств,"В.Г.Болтянский, П.С.Солтан",Геометрия,,1978,ру
259,Лекции о замкнутых геодезических,В. Клингенберг,Геометрия,,1982,ру
260,Плоские кривые,А.А.Савелов,Геометрия,,1960,ру
,,,,,,
261,Введение в гомологическую теорию размерности,П.С.Александров,топология,,1975,
262,Топологические методы в алгебраической геометрии,Ф.Хирцебрух,топология,,1973,
263,Гомотопически инвариантные алгебраические структупы на топологических протранствах,"Дж.Бордман, Р.Фогт",топология,,1977,
264,Введение в алгебраическую к-теорию,Дж.Милнор,топология,,1974,
265,Общая теория гомологий,П.С.Александров,топология,,1979,
266,К-теория,М.Каруби,топология,,1981,
267,Геометрическая топология,Д.Сулливан,топология,,1975,
268,О топологиях и границах в теории потенциала,М.Брело,топология,,1974,
269,Топологические пространства и их отображения,Петра Стучки,топология,,1983,
,,,,,,
270,Применение логики в науке и технике,Академия наук СССР,логика,,няма,
271,Множества и някой техни приложения,Ефтим Божоров,логика,,1973,
272,Модальная логика,Р.Фейс,логика,,1974,
273,Математический интуиционизм.Введение в теорию доказательств,А.Г.Драгалин,логика,,1979,
,,,,,,
274,Приближенные вычисления,Я.О. Безикович,числени методи,,1949,
275,Метод дифференциального приближения,Ю.И.Шокин,числени методи,,1979,
276,Основы вычислительной математики,"Б.П.Демидович, И.А.Марон",числени методи,,1963,
277,Числовы системы,В.И.Нечаев,числени методи,,1975,
278,Квадратурные формулы,С.М.Никольский,числени методи,,1979,
279,Численные методы,Е.А.Волков,числени методи,,1982,
280,Численные методы,Ж.Кунцман,числени методи,,1979,
281,Теория линейных следящих систем,Дж. К. Ныютон,числени методи,,1961,
282,Численые методы,Н. И. Данилина,числени методи,,1976,
283,Апроксимация и оптимизация,П.-Ж. Лоран,числени методи,,1975,
284,Приближенные вычисления,М.Г. Крейн,числени методи,,,
285,Проблема моментов маркова и екстремалные задачи,М.Г. Крейн,числени методи,,1973,
286,Приближенные Вычисление интегралов,В.И. Крылов,числени методи,,1967,
287,Численые методы максимина,В.В. Федоров,числени методи,,1979,
288,Числены методы,Н. И. Калиткин,числени методи,,1978,
289,Введение в асимптотические методы и специальные функции,Ф.Олвер,числени методи,,1978,
290,Лекции по числени методи,Борислав Боянов,числени методи,,няма,
291,Теория ошибок и метод наименьших квадратов,А.И.Мазмишвили,числени методи,,1978,
292,Точные и приближенные вычисления,И.Г.Булавко,числени методи,,1963,
293,Вычислителные методы высшей математики 2,"В.И.Крылов,Ж.Ж.Бобков, П.И.Монастырный",числени методи,,1975,
,,,,,,
294,Оптимизация линейных систем,"Р.Ф.Габасов, Ф.М.Кириллова",оптимиране,,1973,
295,Оптимизация больших систем,Л.С.Лецдон,оптимиране,,1975,
296,Недифференцируемая оптимизация,"В.Ф.Демьянов, Л.В.Васильев",оптимиране,,1981,
297,Оптимизация.Теория и алгоритмы,Ж.Сеа,оптимиране,,1973,
298,Задачи векторной оптимизации в теории управления,М.Е.Салуквадзе,оптимиране,,1975,
299,Особые оптимальные управления,"Р.Ф.Габасов, Ф.М.Кириллова",оптимиране,,1973,
300,Оптимальное управление,"В.М.Алексеев, В.М.Тихомиров, С.В.Фомин",оптимиране,,1979,
301,Сложность задач и еффективность методов оптимизации,"А.Немировский, Д.Б.Юдин",оптимиране,,1979,
302,Математические методы оптимизации систем с разспределенными параметрами,"В.В.Алиферов, С.В.Кирьян",оптимиране,,1975,
303,Оптимальные процрссы колебаний механических систем,В.А.Троицкий,оптимиране,,1976,
304,Нови направления в линейното програмиране,"Е.Г.Голщейн, Д.Бюдин",оптимиране,,1971,
305,Сборник задач по математическому программированию,"Т.Ф.Гуревич, В.О.Лущук",оптимиране,,1977,
306,Очерки пж математической теории систем,"Р. Калман, П. Фалб",оптимиране,,1971,
307,Применение теории систем к проблемам управления,К. Негойце,оптимиране,,1981,
308,Проблемы принятия решенй при нечеткой исходной информации,С. А. Орловский,оптимиране,,1981,
309,Выпуклый анализ,Р. Рокфелер,оптимиране,,1973,
310,Позиционые дифференциалные игры,"Н.Н. Красовски, А.И. Субботин",оптимиране,,1974,
311,Линейные многомерные системы управления,М. Уонъм,оптимиране,,1980,
312,Основы теории игр,Н.Н. Воробьев,оптимиране,,1984,
313,Линейные оптимальные системы управления,Х. Квакернаак,оптимиране,,1977,
314,Теория систем,Г. Вунш,оптимиране,,1978,
315,Автоматизирани системи за управляване на производството,А. Е. Розинкин,оптимиране,,1973,
316,Переходные процессы в линейных системах автоматического регулирования,З. Ш. Блох,оптимиране,,1961,
317,Нелинейное програмирование,У. И. Зангвил,оптимиране,,1973,
318,Параметрическое програмирование,Р. Даффин,оптимиране,,1972,
319,Линейные системы автоматического управления с перемеными параметрами,А.В. Солодов,оптимиране,,1962,
320,Лекции по теория управление,В.И. Зубов,оптимиране,,1975,
321,Математические методы оптималньного управления,В.Г. Болтянским,оптимиране,,1968,
322,Оптимизация динамических систем  случайной структуры,И.Е. Казаков,оптимиране,,1980,
323,Линейна алгебра и математическо програмиране,"К.Кънчев, Н.Стойнова-Петкова, К.Бонев",оптимиране,,1971,
324,Современное состояние теории исследвания операций,Н.Н>Моисеев,оптимиране,,1979,
325,"Линейное программирование теория, методы и приложения","Д.Б.Юдин, Е.Г.Гольштейн",оптимиране,,1969,
326,Курс математического программирования,И.Ф.Полунин,оптимиране,,1975,
327,Современное линнейное программирование,Б.Муртраф,оптимиране,,1984,
328,Линейное программирование,И.В.Нит,оптимиране,,1978,
329,Методы теории систем в задаче непрерывной линейной фильтрации,А.В. Солодов,оптимиране,,1976,
,,,,,,
330,Математика для Економистов,А. Я. Болярский,Икономика,,1957,
331,Математическа икономика,Васил Веселинов,Икономика,,1982,
332,Оптимално планиране и управление на народното стопанство,Иван Стефанов,Икономика,,1972,
333,Оптимално планиране и управление на народното стопанство,Иван Стефанов,Икономика,,1972,
334,,,,,,
335,Человек и информация,К. Черри,Документални филми,,1972,
336,Начални познания по кибернетика,Тодор Боянов,Документални филми,,1978,
337,Может ли машина мислит,А. Тюринг,Документални филми,,1960,
338,Нерешеные математические задачи,С. Улам,Документални филми,,1964,
339,Теория решения задач,Р. Бенерджи,Документални филми,,1972,
340,Третья проблема Гилберта,В.Г. Болтянский,Документални филми,,1977,
,,,,,,
341,Корен от 2,"Иван Чобанов, Георги Паскалев",Елементарна математика,,1962,
342,Измерение отрезков,Я.С. Дубнов,Елементарна математика,,1962,
343,Небокикновена алгебра,И.М. Яглов,Елементарна математика,,1972,
344,Сто задачи,Г. Штейнхауз,Елементарна математика,,1976,
345,41 задачи за кандидат-студенти,А. Кючуков,Елементарна математика,,1992,
346,Справочник по елементарной математику,К. И. Швецов,Елементарна математика,,1996,
347,Специальньй курс тригонометрии,С. И. Новоселов,Елементарна математика,,1965,
348,Специальнъй курс евелентарной алгебри,С. И. Новоселов,Елементарна математика,,1962,
349,Тестове по математика за кандидат студенти,Иван Трендафилов,Елементарна математика,,1992,
350,Как готовиться к приевным екзаменам в вуз по математике,К. У. Шахно,Елементарна математика,,1973,
351,Математически олимпиади част 1,Димо Серафимов,Елементарна математика,,1976,
352,Математически олимпиади част 2,Димо Серафимов,Елементарна математика,,1976,
353,Математически олимпиади част 2,Димо Серафимов,Елементарна математика,,1976,
354,Специальный курс элементарной алгебры,С.И.Новоселов,Елементарна математика,,1962,ру
,,,,,,
355,Кинематика елементарнх частиц,"Е.Бюкинг, К.Каянти",Математическа физика,,1975,
356,Аеро Гидроупругость,Х.Х.Блех,Математическа физика,,1961,
357,Автоколебания механических систем,А.Тондл,Математическа физика,,1979,
358,Справочное ръководство по физике,"Б.М.Яворский, Ю.А.Селезнев",Математическа физика,,1975,
359,Нелинейни трептения,Георги Бпяджиев,Математическа физика,,1970,
360,Метод Пуанкаре в теории нелинейных колебаний,А.П.Проскуряков,Математическа физика,,1977,
361,Операторные алгебры и квантовая статистическая маханика,"У.Браттели, Д.Робинсон",Математическа физика,,1982,
362,Нерегулярные граничные задачи на плокости,И.И.Данилюк,Математическа физика,,1975,
363,Метод мажорантных областей в теории фильтрации,"И.И.Ляшко, И.М.Великоиваненко, В.И.Лаврик, Г.Е.Мистецкий",Математическа физика,,1974,
364,Структурный анализ,В.М.Анищик,Математическа физика,,1979,
365,Изопериметрические неравенства в математической физике,"Г.Полиа, Г.Сеге",Математическа физика,,1962,
366,Математические методы физики,"Дж.Метыюз, Р.Уокер",Математическа физика,,1972,
367,Рейнмановские лекции по физике. Задачи и упражнения с ответами и решениями,Фейнман,Математическа физика,,1978,
368,Алгебраические методы в статистической механике и квантовой теории поля,Ж.Емх,Математическа физика,,1976,
369,Спектральный анализ и его приложения,"Г.Дженкинс, Д.Ваттс",Математическа физика,,1972,
370,Сборник задач по уравнениям математической физики,"В.С.Владимиров, В.П.Михайлов, А.А.Вашарин, Х.Х.Каримова, Ю.В.Сидоров, М.И.Шабунин",Математическа физика,,1874,
,,,,,,
371,Аналитическая механика,Л.И.Лурье,Аналитична механика / Класическа механика,,1961,
372,Задачи и упражнения по классической механике,"М.Ф.Баринова, О.В.Голубева",Аналитична механика / Класическа механика,,1980,
373,Ръководство по аналитична механика,Константин Марков,Аналитична механика / Класическа механика,,2001,
374,Теория и приложна механика ( Втори конгрес ),БАН,Аналитична механика / Класическа механика,,1975,
375,Теоритична и приложна механика четвърти конгрес,БАН,Аналитична механика / Класическа механика,,1981,
376,Теоритична и приложна механика четвърти конгрес,БАН,Аналитична механика / Класическа механика,,1981,
377,Сборним задач по анлитической механике,"Е.С.Пятницкий, Н.М.Трухан, Ю.И.Ханукаев, Г.Н.Яковенко",Аналитична механика / Класическа механика,,1980,
378,Механика в СССР за 50 лет,Л.И.Сендова,Аналитична механика / Класическа механика,,1968,
,,,,,,
379,Интегральные преобразования и специальные функции в задачах теплопроводности,"А.С.Галицын, А.Н.Жуковский",термодинамика,,1976,
380,Нестационарный теплообмен,"Б.М.Смольский, Л.А.Сеергеева, В.Л.Сергеев",термодинамика,,1974,
381,Теория на регулярного теплообмена,П.В.Черпаков,термодинамика,,1975,
382,Асимптотические методы в задачах тепломасопереноса,"И.М.Федоткин, А.М.Айзен",термодинамика,,1975,
383,Некоторые нелинейные задачи теплопроводности,"В.В.Харитонов, О.С.Сорокин",термодинамика,,1974,
,,,,,,
384,Прикладная теория гирископов,Б.В.Булгаков,други физични книги,,1976,
385,Теория упругости,"С.П.Тимошенко, Дж.Гудъер",други физични книги,,1979,
386,Основы теории дифракции,"Р.Б.Ваганов, Б.З.Каценеленбаум",други физични книги,,1982,
387,Динамическая метерология,В.А.Белинский,други физични книги,,1948,
388,Проблемы гидродинамики и их математические модели,"М.А.Лаврентьев, Б.В.Шабат",други физични книги,,1977,
,,,,,,
389,Лекции о вычислимых функциях,В.А.Успенский,Дискретна математика,,1960,
390,Проблема Бернсайда и тождества в группах,С.А.Адян,Дискретна математика,,1975,
391,Увод в дискретната математика,Кр.Манев,Дискретна математика,,2003,
392,Методы усреднения в дифференциалных и интегродифференциальныхуравнениях,А.Н.Филатов,Дискретна математика,,1971,
393,Методы стохастического программирования,Ю.М.Ермолыв,Дискретна математика,,1976,
,,,,,,
394,Операционни системи,Н.Червендинева,Програмиране,,1974,
395,Езици за функципнално и логическо програмиране 2. Логическо програмиране,М.Тодорова,Програмиране,,2003,
396,Алгоритмични езици,Л.Бърнев,Програмиране,,1972,
397,Алгоритмични езици,Л.Бърнев,Програмиране,,1972,
398,Введение в системное программирование,Л.Бек,Програмиране,,1988,
,,,,,,
399,Основни понятия и идеи по кибернетиката,"Л.Тончев, С.Велев",алгоритми,,1971,
400,основы кибернетики,К.А.Пупкова,алгоритми,,1974,
401,Степени неразрешимости,Дж.Шеншилд,алгоритми,,1977,
402,Теория рекурсивных функций и еффективная вычислимость,Х.Роджерс,алгоритми,,1972,
403,Сборник задач по программированию на алгоритмических языках,"А.М.Бухтияров, Г.Д.Фролов",алгоритми,,1974,
404,Основни понятия в информатиката,"Петър Бърнев, Стефан кепеджиев",алгоритми,,1988,
,,,,,,
405,Операционное исчисление,Р. Я. Шостак,Обработка на сигнали и нужния апарат за това,,1972,
406,Модели сигналов в линейных системах,Я. П. Драган,Обработка на сигнали и нужния апарат за това,,1972,
407,Принципы распознавания образов,"Дж. Ту, Р. Гонсалес",Обработка на сигнали и нужния апарат за това,,1978,
408,Справочник по операционному исчислению,"В. А. Диткин, П. И. Кузнецов",Обработка на сигнали и нужния апарат за това,,1951,
409,"Съвременни математически методи в техниката, том 2",Ищван Феньо,Обработка на сигнали и нужния апарат за това,,1977,
,,,,,,
410,English for mathematicians,Dimiter Dokov,математически английски,,няма,
411,English for mathematicians,Dimiter Dokov,математически английски,,1998,
412,English for mathematicians,Dimiter Dokov,математически английски,,няма,
413,English,"Г.И.Ахмановой, Л.Б.Саратовской",математически английски,,1981,
,,,,,,
414,Последовательный анализ в статистической обработке информации,А. М. Дубров,Вероятности и статистика,,1976,
415,Разклоняващи се стохастични процеси,"Марусия Славчова-Божкова, Николай Янев",Вероятности и статистика,,2007,
416,Математические основы фазового укрупнения сложных систем,"В. С. Королюк, А. Ф. Турбин",Вероятности и статистика,,1978,
417,Статистический словарь,"М. В. Птуха, Б. С. Ястремский",Вероятности и статистика,,1965,
418,Точечно-векторная геометрия и ее приложения в тероии вероятностей,"Ф. В. Томашевич, Л. И. Томашевич",Вероятности и статистика,,1979,
419,Елементы теории вероятностей,Л. З. Румшиский,Вероятности и статистика,,1976,
420,Сборник задач по теории статистики,"Б. И. Дубнов, Ю. Е. Гаабе, Г. Я. Киперман",Вероятности и статистика,,1976,
,,,,,,
421,3. Понятие лингвистической переменной и его применение к принятию приближенных решений,"Л.Заде, р.А.Н.Колмогоров, р.С.П.Новиков",Математика новое в зарубежной науке,,1976,
422,5.Лекции по Нелинейному функциональному анализу,"Л.Ниренберг, р.А.Н.Колмогоров, р.С.П.Новиков",Математика новое в зарубежной науке,,1977,
423,7.Гиббсовские состояния на счетных множествах,"К.Престон, р.А.Н.Колмогоров, р.С.П.Новиков",Математика новое в зарубежной науке,,1977,
424,9.Дифференцирование интегралов в R^n,"M.Гусман, р.А.Н.Колмогоров, р.С.П.Новиков",Математика новое в зарубежной науке,,1978,
425,10.Случайные процессы,"А.Н.Колмогоров, С.П.Новиков",Математика новое в зарубежной науке,,1978,
426,26.Лагранжев анализ и квантова механика,"Ж.Лере, р. А.Н.Колмогоров, р.С.П.Новиков",Математика новое в зарубежной науке,,1981,
427,28.Четырехмерная топология,"Р.Мандельбаум, р.А.Н.Колмогоров, р.С.П.Новиков",Математика новое в зарубежной науке,,1981,
428,29.Численные методы теории дифракции,"А.Н.Колмогоров, С.П.Новиков",Математика новое в зарубежной науке,,1982,
429,31.Математика в альтернативной теории множеств,"П.Вопенка, р.А.Н.Колмогоров, р.С.П.Новиков",Математика новое в зарубежной науке,,1983,
430,32.Теория представлений симметрических групп,"Г.Джеймс, р.А.Н.Колмогоров, р.С.П.Новиков",Математика новое в зарубежной науке,,1982,
,,,,,,
431,Основы номографии,Г. С. Хованский,Номограми,,1976,